model,optimal_threshold
logistic_regression,0.44999999999999996
random_forest,0.5999999999999999
xgboost,0.5999999999999999
