threshold,accuracy,precision,recall,f1_score,balanced_accuracy,specificity,true_positives,false_positives,true_negatives,false_negatives
0.3,0.5556540364871851,0.5516235813366961,0.9553644553644554,0.6994104127111023,0.5198518719764494,0.08433928858844358,13998,11378,1048,654
0.35,0.6267818893566733,0.6319363826329232,0.743038493038493,0.6829987452948557,0.616368755613082,0.48969901818767103,10887,6341,6085,3765
0.39999999999999997,0.6747174828273875,0.7520269104709333,0.5950723450723451,0.6644060047245295,0.6818513181984935,0.7686302913246419,8719,2875,9551,5933
0.44999999999999996,0.6841716522638304,0.7977352596641937,0.5577395577395577,0.656491002570694,0.6954962073262412,0.8332528569129245,8172,2072,10354,6480
0.49999999999999994,0.6863505428761356,0.8140744518103009,0.5447720447720448,0.6527374575786073,0.6990317651833828,0.8532914855947208,7982,1823,10603,6670
0.5499999999999999,0.6874584533569688,0.8252233315817131,0.5358995358995359,0.6498117267348037,0.7010336243798339,0.8661677128601319,7852,1663,10763,6800
0.5999999999999999,0.6869414284659133,0.8327405970470956,0.5273682773682774,0.6457732648029753,0.7012344364468942,0.875100595525511,7727,1552,10874,6925
0.6499999999999999,0.6829160203855529,0.8407865168539326,0.5107152607152607,0.6354449728260869,0.6983400864979812,0.8859649122807017,7483,1417,11009,7169
0.7,0.6677745771474998,0.8543859649122807,0.46532896532896534,0.6025097207493814,0.6859076824069581,0.9064863994849509,6818,1162,11264,7834
